,Unnamed: 0,id,days_on_platform,purchases,total
2,2,2,34.0,5,90
3,3,3,28.0,5,90
4,4,4,26.0,5,90
5,5,5,14.0,5,90
8,8,8,23.0,5,90
9,9,9,19.0,5,90
12,12,12,12.0,5,90
15,15,15,20.0,5,90
16,16,16,18.0,5,90
17,17,17,2.0,5,90
18,18,18,32.0,5,90
19,19,19,13.0,5,90
20,20,20,15.0,5,90
23,23,23,5.0,5,90
25,25,25,9.0,5,90
26,26,26,34.0,5,90
29,29,29,15.0,5,90
31,31,31,15.0,5,90
32,32,32,4.0,5,90
34,34,34,8.0,5,90
35,35,35,30.0,5,90
36,36,36,52.0,5,90
38,38,38,25.0,5,90
40,40,40,20.0,5,90
44,44,44,28.0,5,90
47,47,47,33.0,5,90
48,48,48,35.0,5,90
49,49,49,44.0,5,90
50,50,50,22.0,5,90
51,51,51,23.0,5,90
53,53,53,29.0,5,90
54,54,54,50.0,5,90
55,55,55,2.0,5,90
62,62,62,30.0,5,90
63,63,63,37.0,5,90
64,64,64,2.0,5,90
65,65,65,22.0,5,90
66,66,66,11.0,5,90
70,70,70,6.0,5,90
73,73,73,43.0,5,90
74,74,74,31.0,5,90
75,75,75,26.0,5,90
78,78,78,4.0,5,90
79,79,79,17.0,5,90
80,80,80,23.0,5,90
82,82,82,63.0,5,90
83,83,83,54.0,5,90
88,88,88,36.0,5,90
91,91,91,7.0,5,90
92,92,92,59.0,5,90
98,98,98,37.0,5,90
99,99,99,11.0,5,90
100,100,100,41.0,5,90
101,101,101,21.0,5,90
103,103,103,22.0,5,90
108,108,108,9.0,5,90
110,110,110,16.0,5,90
111,111,111,9.0,5,90
112,112,112,18.0,5,90
113,113,113,9.0,5,90
116,116,116,19.0,5,90
117,117,117,21.0,5,90
118,118,118,9.0,5,90
120,120,120,4.0,5,90
121,121,121,13.0,5,90
123,123,123,5.0,5,90
124,124,124,50.0,5,90
125,125,125,21.0,5,90
127,127,127,36.0,5,90
128,128,128,11.0,5,90
135,135,135,31.0,5,90
136,136,136,55.0,5,90
140,140,140,29.0,5,90
141,141,141,40.0,5,90
142,142,142,6.0,5,90
143,143,143,11.0,5,90
144,144,144,6.0,5,90
145,145,145,17.0,5,90
146,146,146,69.0,5,90
147,147,147,47.0,5,90
148,148,148,63.0,5,90
149,149,149,11.0,5,90
150,150,150,36.0,5,90
153,153,153,2.0,5,90
155,155,155,61.0,5,90
156,156,156,5.0,5,90
159,159,159,7.0,5,90
160,160,160,22.0,5,90
162,162,162,19.0,5,90
166,166,166,45.0,5,90
168,168,168,27.0,5,90
170,170,170,20.0,5,90
171,171,171,16.0,5,90
173,173,173,67.0,5,90
174,174,174,2.0,5,90
175,175,175,32.0,5,90
176,176,176,45.0,5,90
181,181,181,30.0,5,90
182,182,182,16.0,5,90
184,184,184,48.0,5,90
185,185,185,67.0,5,90
186,186,186,45.0,5,90
189,189,189,8.0,5,90
190,190,190,38.0,5,90
192,192,192,35.0,5,90
193,193,193,32.0,5,90
195,195,195,5.0,5,90
197,197,197,1.0,5,90
198,198,198,78.0,5,90
200,200,200,51.0,5,90
203,203,203,7.0,5,90
204,204,204,23.0,5,90
205,205,205,11.0,5,90
206,206,206,21.0,5,90
211,211,211,8.0,5,90
212,212,212,45.0,5,90
215,215,215,7.0,5,90
218,218,218,32.0,5,90
219,219,219,7.0,5,90
220,220,220,13.0,5,90
221,221,221,19.0,5,90
222,222,222,19.0,5,90
224,224,224,21.0,5,90
226,226,226,40.0,5,90
228,228,228,29.0,5,90
229,229,229,40.0,5,90
230,230,230,55.0,5,90
231,231,231,5.0,5,90
233,233,233,44.0,5,90
235,235,235,4.0,5,90
240,240,240,5.0,5,90
242,242,242,4.0,5,90
244,244,244,12.0,5,90
248,248,248,22.0,5,90
250,250,250,28.0,5,90
254,254,254,42.0,5,90
255,255,255,11.0,5,90
256,256,256,49.0,5,90
257,257,257,87.0,5,90
262,262,262,21.0,5,90
264,264,264,63.0,5,90
265,265,265,35.0,5,90
266,266,266,6.0,5,90
267,267,267,3.0,5,90
273,273,273,13.0,5,90
274,274,274,28.0,5,90
275,275,275,17.0,5,90
277,277,277,36.0,5,90
278,278,278,35.0,5,90
280,280,280,25.0,5,90
282,282,282,49.0,5,90
283,283,283,14.0,5,90
285,285,285,13.0,5,90
288,288,288,38.0,5,90
291,291,291,22.0,5,90
295,295,295,3.0,5,90
297,297,297,13.0,5,90
301,301,301,24.0,5,90
304,304,304,26.0,5,90
305,305,305,1.0,5,90
306,306,306,29.0,5,90
307,307,307,10.0,5,90
311,311,311,40.0,5,90
315,315,315,30.0,5,90
316,316,316,43.0,5,90
317,317,317,11.0,5,90
319,319,319,3.0,5,90
320,320,320,8.0,5,90
323,323,323,49.0,5,90
324,324,324,25.0,5,90
325,325,325,8.0,5,90
326,326,326,22.0,5,90
327,327,327,1.0,5,90
330,330,330,11.0,5,90
333,333,333,1.0,5,90
335,335,335,2.0,5,90
336,336,336,21.0,5,90
337,337,337,4.0,5,90
339,339,339,78.0,5,90
340,340,340,6.0,5,90
341,341,341,48.0,5,90
342,342,342,42.0,5,90
343,343,343,33.0,5,90
349,349,349,2.0,5,90
351,351,351,63.0,5,90
353,353,353,2.0,5,90
354,354,354,24.0,5,90
356,356,356,15.0,5,90
357,357,357,21.0,5,90
361,361,361,45.0,5,90
364,364,364,17.0,5,90
365,365,365,13.0,5,90
369,369,369,14.0,5,90
370,370,370,8.0,5,90
375,375,375,29.0,5,90
376,376,376,16.0,5,90
377,377,377,46.0,5,90
379,379,379,17.0,5,90
381,381,381,23.0,5,90
385,385,385,17.0,5,90
386,386,386,37.0,5,90
387,387,387,7.0,5,90
388,388,388,23.0,5,90
390,390,390,35.0,5,90
392,392,392,36.0,5,90
394,394,394,38.0,5,90
396,396,396,7.0,5,90
402,402,402,12.0,5,90
404,404,404,89.0,5,90
405,405,405,58.0,5,90
408,408,408,1.0,5,90
409,409,409,7.0,5,90
412,412,412,9.0,5,90
415,415,415,28.0,5,90
419,419,419,45.0,5,90
420,420,420,21.0,5,90
421,421,421,6.0,5,90
422,422,422,19.0,5,90
423,423,423,49.0,5,90
425,425,425,4.0,5,90
427,427,427,5.0,5,90
431,431,431,6.0,5,90
433,433,433,19.0,5,90
436,436,436,14.0,5,90
439,439,439,8.0,5,90
440,440,440,32.0,5,90
441,441,441,37.0,5,90
442,442,442,56.0,5,90
446,446,446,32.0,5,90
447,447,447,29.0,5,90
448,448,448,36.0,5,90
449,449,449,29.0,5,90
450,450,450,14.0,5,90
453,453,453,23.0,5,90
456,456,456,12.0,5,90
459,459,459,33.0,5,90
460,460,460,10.0,5,90
462,462,462,9.0,5,90
463,463,463,16.0,5,90
464,464,464,3.0,5,90
466,466,466,7.0,5,90
467,467,467,8.0,5,90
470,470,470,39.0,5,90
473,473,473,26.0,5,90
475,475,475,10.0,5,90
479,479,479,34.0,5,90
484,484,484,44.0,5,90
485,485,485,46.0,5,90
489,489,489,35.0,5,90
490,490,490,18.0,5,90
491,491,491,14.0,5,90
494,494,494,47.0,5,90
498,498,498,29.0,5,90
499,499,499,4.0,5,90
502,502,502,35.0,5,90
504,504,504,52.0,5,90
506,506,506,31.0,5,90
507,507,507,23.0,5,90
511,511,511,68.0,5,90
513,513,513,27.0,5,90
516,516,516,44.0,5,90
520,520,520,30.0,5,90
521,521,521,28.0,5,90
523,523,523,30.0,5,90
524,524,524,47.0,5,90
525,525,525,12.0,5,90
526,526,526,36.0,5,90
527,527,527,54.0,5,90
530,530,530,14.0,5,90
532,532,532,46.0,5,90
533,533,533,37.0,5,90
534,534,534,8.0,5,90
535,535,535,2.0,5,90
536,536,536,4.0,5,90
537,537,537,12.0,5,90
538,538,538,15.0,5,90
541,541,541,17.0,5,90
542,542,542,31.0,5,90
543,543,543,16.0,5,90
544,544,544,81.0,5,90
546,546,546,1.0,5,90
548,548,548,13.0,5,90
550,550,550,28.0,5,90
551,551,551,31.0,5,90
552,552,552,21.0,5,90
560,560,560,52.0,5,90
561,561,561,33.0,5,90
562,562,562,4.0,5,90
564,564,564,4.0,5,90
565,565,565,14.0,5,90
568,568,568,12.0,5,90
569,569,569,9.0,5,90
570,570,570,9.0,5,90
571,571,571,13.0,5,90
573,573,573,9.0,5,90
574,574,574,46.0,5,90
575,575,575,58.0,5,90
576,576,576,3.0,5,90
579,579,579,61.0,5,90
581,581,581,6.0,5,90
583,583,583,21.0,5,90
586,586,586,7.0,5,90
591,591,591,15.0,5,90
594,594,594,3.0,5,90
597,597,597,37.0,5,90
598,598,598,48.0,5,90
599,599,599,19.0,5,90
600,600,600,24.0,5,90
604,604,604,33.0,5,90
605,605,605,50.0,5,90
606,606,606,5.0,5,90
608,608,608,33.0,5,90
609,609,609,11.0,5,90
610,610,610,1.0,5,90
611,611,611,8.0,5,90
613,613,613,13.0,5,90
615,615,615,35.0,5,90
616,616,616,37.0,5,90
617,617,617,32.0,5,90
619,619,619,17.0,5,90
620,620,620,20.0,5,90
624,624,624,18.0,5,90
625,625,625,60.0,5,90
626,626,626,3.0,5,90
630,630,630,36.0,5,90
634,634,634,28.0,5,90
635,635,635,22.0,5,90
637,637,637,35.0,5,90
638,638,638,13.0,5,90
640,640,640,12.0,5,90
641,641,641,6.0,5,90
642,642,642,30.0,5,90
643,643,643,31.0,5,90
645,645,645,26.0,5,90
650,650,650,57.0,5,90
652,652,652,11.0,5,90
653,653,653,14.0,5,90
657,657,657,11.0,5,90
658,658,658,30.0,5,90
664,664,664,9.0,5,90
666,666,666,40.0,5,90
668,668,668,12.0,5,90
669,669,669,6.0,5,90
670,670,670,40.0,5,90
671,671,671,90.0,5,90
673,673,673,42.0,5,90
674,674,674,11.0,5,90
675,675,675,18.0,5,90
679,679,679,18.0,5,90
680,680,680,35.0,5,90
681,681,681,23.0,5,90
682,682,682,25.0,5,90
683,683,683,51.0,5,90
686,686,686,27.0,5,90
688,688,688,28.0,5,90
692,692,692,24.0,5,90
694,694,694,13.0,5,90
695,695,695,14.0,5,90
696,696,696,59.0,5,90
697,697,697,103.0,5,90
700,700,700,26.0,5,90
702,702,702,14.0,5,90
704,704,704,28.0,5,90
705,705,705,7.0,5,90
707,707,707,31.0,5,90
708,708,708,1.0,5,90
710,710,710,19.0,5,90
712,712,712,9.0,5,90
714,714,714,14.0,5,90
715,715,715,17.0,5,90
716,716,716,10.0,5,90
717,717,717,54.0,5,90
721,721,721,47.0,5,90
722,722,722,3.0,5,90
723,723,723,21.0,5,90
727,727,727,10.0,5,90
729,729,729,14.0,5,90
730,730,730,55.0,5,90
734,734,734,65.0,5,90
737,737,737,29.0,5,90
740,740,740,1.0,5,90
741,741,741,7.0,5,90
743,743,743,25.0,5,90
744,744,744,22.0,5,90
750,750,750,27.0,5,90
754,754,754,27.0,5,90
756,756,756,4.0,5,90
757,757,757,3.0,5,90
759,759,759,24.0,5,90
760,760,760,11.0,5,90
761,761,761,24.0,5,90
762,762,762,15.0,5,90
763,763,763,18.0,5,90
765,765,765,27.0,5,90
767,767,767,26.0,5,90
769,769,769,3.0,5,90
771,771,771,45.0,5,90
773,773,773,48.0,5,90
776,776,776,32.0,5,90
778,778,778,34.0,5,90
782,782,782,4.0,5,90
784,784,784,57.0,5,90
785,785,785,37.0,5,90
786,786,786,22.0,5,90
787,787,787,44.0,5,90
790,790,790,45.0,5,90
793,793,793,35.0,5,90
796,796,796,8.0,5,90
798,798,798,31.0,5,90
800,800,800,28.0,5,90
803,803,803,7.0,5,90
806,806,806,24.0,5,90
807,807,807,27.0,5,90
809,809,809,39.0,5,90
811,811,811,14.0,5,90
814,814,814,21.0,5,90
815,815,815,13.0,5,90
816,816,816,12.0,5,90
817,817,817,61.0,5,90
820,820,820,18.0,5,90
821,821,821,13.0,5,90
823,823,823,26.0,5,90
824,824,824,27.0,5,90
825,825,825,11.0,5,90
826,826,826,17.0,5,90
828,828,828,20.0,5,90
829,829,829,8.0,5,90
832,832,832,11.0,5,90
833,833,833,28.0,5,90
834,834,834,1.0,5,90
836,836,836,19.0,5,90
840,840,840,7.0,5,90
843,843,843,2.0,5,90
844,844,844,31.0,5,90
845,845,845,71.0,5,90
849,849,849,25.0,5,90
850,850,850,19.0,5,90
852,852,852,19.0,5,90
853,853,853,40.0,5,90
854,854,854,36.0,5,90
855,855,855,30.0,5,90
856,856,856,40.0,5,90
862,862,862,1.0,5,90
863,863,863,29.0,5,90
865,865,865,55.0,5,90
867,867,867,43.0,5,90
869,869,869,24.0,5,90
870,870,870,13.0,5,90
871,871,871,36.0,5,90
872,872,872,32.0,5,90
874,874,874,20.0,5,90
879,879,879,53.0,5,90
881,881,881,52.0,5,90
882,882,882,75.0,5,90
883,883,883,25.0,5,90
884,884,884,37.0,5,90
889,889,889,42.0,5,90
892,892,892,80.0,5,90
893,893,893,14.0,5,90
897,897,897,25.0,5,90
900,900,900,36.0,5,90
901,901,901,2.0,5,90
902,902,902,1.0,5,90
903,903,903,70.0,5,90
905,905,905,1.0,5,90
908,908,908,1.0,5,90
910,910,910,45.0,5,90
913,913,913,22.0,5,90
914,914,914,41.0,5,90
915,915,915,36.0,5,90
918,918,918,33.0,5,90
922,922,922,18.0,5,90
923,923,923,25.0,5,90
924,924,924,74.0,5,90
929,929,929,42.0,5,90
930,930,930,6.0,5,90
931,931,931,15.0,5,90
935,935,935,46.0,5,90
936,936,936,7.0,5,90
937,937,937,43.0,5,90
944,944,944,35.0,5,90
946,946,946,49.0,5,90
947,947,947,45.0,5,90
948,948,948,12.0,5,90
950,950,950,9.0,5,90
951,951,951,65.0,5,90
953,953,953,9.0,5,90
957,957,957,58.0,5,90
960,960,960,44.0,5,90
962,962,962,15.0,5,90
965,965,965,21.0,5,90
966,966,966,1.0,5,90
967,967,967,13.0,5,90
968,968,968,69.0,5,90
969,969,969,53.0,5,90
970,970,970,42.0,5,90
971,971,971,31.0,5,90
975,975,975,17.0,5,90
977,977,977,15.0,5,90
979,979,979,38.0,5,90
982,982,982,3.0,5,90
986,986,986,20.0,5,90
989,989,989,5.0,5,90
990,990,990,1.0,5,90
991,991,991,30.0,5,90
992,992,992,37.0,5,90
993,993,993,6.0,5,90
994,994,994,4.0,5,90
996,996,996,43.0,5,90
998,998,998,40.0,5,90
999,999,999,31.0,5,90
1000,1000,1000,17.0,5,90
1002,1002,1002,60.0,5,90
1003,1003,1003,14.0,5,90
1004,1004,1004,62.0,5,90
1008,1008,1008,11.0,5,90
1012,1012,1012,22.0,5,90
1013,1013,1013,18.0,5,90
1016,1016,1016,8.0,5,90
1017,1017,1017,7.0,5,90
1021,1021,1021,18.0,5,90
1025,1025,1025,42.0,5,90
1029,1029,1029,15.0,5,90
1030,1030,1030,45.0,5,90
1035,1035,1035,57.0,5,90
1036,1036,1036,24.0,5,90
1037,1037,1037,10.0,5,90
1038,1038,1038,6.0,5,90
1041,1041,1041,7.0,5,90
1042,1042,1042,6.0,5,90
1044,1044,1044,18.0,5,90
1045,1045,1045,38.0,5,90
1046,1046,1046,5.0,5,90
1047,1047,1047,10.0,5,90
1048,1048,1048,61.0,5,90
1050,1050,1050,52.0,5,90
1052,1052,1052,16.0,5,90
1053,1053,1053,2.0,5,90
1055,1055,1055,15.0,5,90
1057,1057,1057,16.0,5,90
1058,1058,1058,4.0,5,90
1060,1060,1060,6.0,5,90
1061,1061,1061,10.0,5,90
1064,1064,1064,1.0,5,90
1066,1066,1066,23.0,5,90
1067,1067,1067,52.0,5,90
1068,1068,1068,10.0,5,90
1070,1070,1070,7.0,5,90
1071,1071,1071,11.0,5,90
1072,1072,1072,38.0,5,90
1073,1073,1073,47.0,5,90
1074,1074,1074,1.0,5,90
1077,1077,1077,17.0,5,90
1078,1078,1078,3.0,5,90
1080,1080,1080,28.0,5,90
1086,1086,1086,9.0,5,90
1087,1087,1087,21.0,5,90
1090,1090,1090,41.0,5,90
1091,1091,1091,37.0,5,90
1093,1093,1093,23.0,5,90
1096,1096,1096,14.0,5,90
1099,1099,1099,26.0,5,90
1100,1100,1100,4.0,5,90
1101,1101,1101,47.0,5,90
1103,1103,1103,2.0,5,90
1104,1104,1104,54.0,5,90
1108,1108,1108,61.0,5,90
1111,1111,1111,4.0,5,90
1112,1112,1112,45.0,5,90
1113,1113,1113,11.0,5,90
1116,1116,1116,12.0,5,90
1119,1119,1119,39.0,5,90
1123,1123,1123,21.0,5,90
1124,1124,1124,26.0,5,90
1126,1126,1126,3.0,5,90
1127,1127,1127,28.0,5,90
1128,1128,1128,50.0,5,90
1131,1131,1131,25.0,5,90
1132,1132,1132,7.0,5,90
1141,1141,1141,5.0,5,90
1142,1142,1142,18.0,5,90
1145,1145,1145,7.0,5,90
1147,1147,1147,9.0,5,90
1148,1148,1148,4.0,5,90
1154,1154,1154,11.0,5,90
1155,1155,1155,18.0,5,90
1160,1160,1160,7.0,5,90
1163,1163,1163,7.0,5,90
1164,1164,1164,52.0,5,90
1166,1166,1166,15.0,5,90
1167,1167,1167,9.0,5,90
1168,1168,1168,2.0,5,90
1169,1169,1169,7.0,5,90
1171,1171,1171,4.0,5,90
1172,1172,1172,57.0,5,90
1174,1174,1174,8.0,5,90
1175,1175,1175,5.0,5,90
1176,1176,1176,6.0,5,90
1178,1178,1178,25.0,5,90
1179,1179,1179,17.0,5,90
1181,1181,1181,10.0,5,90
1183,1183,1183,44.0,5,90
1184,1184,1184,4.0,5,90
1187,1187,1187,2.0,5,90
1193,1193,1193,11.0,5,90
1194,1194,1194,26.0,5,90
1195,1195,1195,7.0,5,90
1198,1198,1198,25.0,5,90
1200,1200,1200,55.0,5,90
1204,1204,1204,15.0,5,90
1207,1207,1207,31.0,5,90
1208,1208,1208,1.0,5,90
1210,1210,1210,32.0,5,90
1213,1213,1213,34.0,5,90
1215,1215,1215,23.0,5,90
1216,1216,1216,10.0,5,90
1217,1217,1217,35.0,5,90
1220,1220,1220,12.0,5,90
1222,1222,1222,14.0,5,90
1227,1227,1227,17.0,5,90
1230,1230,1230,16.0,5,90
1234,1234,1234,51.0,5,90
1239,1239,1239,23.0,5,90
1240,1240,1240,40.0,5,90
1243,1243,1243,33.0,5,90
1246,1246,1246,24.0,5,90
1247,1247,1247,31.0,5,90
1248,1248,1248,29.0,5,90
1249,1249,1249,16.0,5,90
1250,1250,1250,4.0,5,90
1253,1253,1253,15.0,5,90
1255,1255,1255,11.0,5,90
1256,1256,1256,14.0,5,90
1265,1265,1265,6.0,5,90
1267,1267,1267,13.0,5,90
1271,1271,1271,2.0,5,90
1273,1273,1273,26.0,5,90
1276,1276,1276,13.0,5,90
1277,1277,1277,14.0,5,90
1278,1278,1278,18.0,5,90
1285,1285,1285,9.0,5,90
1291,1291,1291,14.0,5,90
1292,1292,1292,34.0,5,90
1293,1293,1293,18.0,5,90
1294,1294,1294,26.0,5,90
1297,1297,1297,36.0,5,90
1299,1299,1299,22.0,5,90
1300,1300,1300,10.0,5,90
1301,1301,1301,39.0,5,90
1305,1305,1305,5.0,5,90
1307,1307,1307,18.0,5,90
1308,1308,1308,26.0,5,90
1309,1309,1309,1.0,5,90
1310,1310,1310,30.0,5,90
1314,1314,1314,16.0,5,90
1315,1315,1315,12.0,5,90
1318,1318,1318,15.0,5,90
1322,1322,1322,22.0,5,90
1323,1323,1323,8.0,5,90
1329,1329,1329,13.0,5,90
1330,1330,1330,16.0,5,90
1332,1332,1332,12.0,5,90
1333,1333,1333,18.0,5,90
1334,1334,1334,19.0,5,90
1336,1336,1336,18.0,5,90
1339,1339,1339,3.0,5,90
1341,1341,1341,6.0,5,90
1342,1342,1342,37.0,5,90
1343,1343,1343,14.0,5,90
1347,1347,1347,39.0,5,90
1349,1349,1349,23.0,5,90
1350,1350,1350,23.0,5,90
1352,1352,1352,25.0,5,90
1359,1359,1359,9.0,5,90
1360,1360,1360,7.0,5,90
1363,1363,1363,40.0,5,90
1364,1364,1364,15.0,5,90
1365,1365,1365,56.0,5,90
1367,1367,1367,12.0,5,90
1368,1368,1368,1.0,5,90
1369,1369,1369,83.0,5,90
1370,1370,1370,58.0,5,90
1371,1371,1371,10.0,5,90
1372,1372,1372,62.0,5,90
1373,1373,1373,35.0,5,90
1377,1377,1377,30.0,5,90
1379,1379,1379,11.0,5,90
1380,1380,1380,9.0,5,90
1382,1382,1382,34.0,5,90
1384,1384,1384,19.0,5,90
1385,1385,1385,36.0,5,90
1386,1386,1386,4.0,5,90
1390,1390,1390,7.0,5,90
1392,1392,1392,12.0,5,90
1393,1393,1393,26.0,5,90
1398,1398,1398,27.0,5,90
1400,1400,1400,22.0,5,90
1403,1403,1403,19.0,5,90
1405,1405,1405,74.0,5,90
1408,1408,1408,7.0,5,90
1409,1409,1409,41.0,5,90
1410,1410,1410,32.0,5,90
1411,1411,1411,12.0,5,90
1412,1412,1412,42.0,5,90
1414,1414,1414,21.0,5,90
1416,1416,1416,12.0,5,90
1418,1418,1418,11.0,5,90
1419,1419,1419,15.0,5,90
1422,1422,1422,12.0,5,90
1423,1423,1423,33.0,5,90
1426,1426,1426,3.0,5,90
1427,1427,1427,29.0,5,90
1430,1430,1430,56.0,5,90
1431,1431,1431,13.0,5,90
1433,1433,1433,45.0,5,90
1434,1434,1434,8.0,5,90
1436,1436,1436,40.0,5,90
1438,1438,1438,36.0,5,90
1439,1439,1439,45.0,5,90
1440,1440,1440,13.0,5,90
1442,1442,1442,45.0,5,90
1445,1445,1445,33.0,5,90
1447,1447,1447,5.0,5,90
1448,1448,1448,5.0,5,90
1449,1449,1449,3.0,5,90
1450,1450,1450,7.0,5,90
1452,1452,1452,44.0,5,90
1455,1455,1455,19.0,5,90
1456,1456,1456,4.0,5,90
1462,1462,1462,30.0,5,90
1463,1463,1463,13.0,5,90
1464,1464,1464,9.0,5,90
1466,1466,1466,18.0,5,90
1468,1468,1468,45.0,5,90
1469,1469,1469,47.0,5,90
1472,1472,1472,8.0,5,90
1476,1476,1476,3.0,5,90
1477,1477,1477,53.0,5,90
1482,1482,1482,49.0,5,90
1485,1485,1485,53.0,5,90
1486,1486,1486,21.0,5,90
1488,1488,1488,29.0,5,90
1490,1490,1490,27.0,5,90
1491,1491,1491,20.0,5,90
1492,1492,1492,17.0,5,90
1493,1493,1493,9.0,5,90
1495,1495,1495,40.0,5,90
1496,1496,1496,19.0,5,90
1499,1499,1499,44.0,5,90
1500,1500,1500,3.0,5,90
1501,1501,1501,5.0,5,90
1502,1502,1502,16.0,5,90
1503,1503,1503,59.0,5,90
1505,1505,1505,5.0,5,90
1506,1506,1506,7.0,5,90
1507,1507,1507,21.0,5,90
1508,1508,1508,4.0,5,90
1509,1509,1509,1.0,5,90
1511,1511,1511,3.0,5,90
1512,1512,1512,66.0,5,90
1513,1513,1513,10.0,5,90
1516,1516,1516,47.0,5,90
1517,1517,1517,26.0,5,90
1518,1518,1518,26.0,5,90
1519,1519,1519,28.0,5,90
1523,1523,1523,6.0,5,90
1526,1526,1526,2.0,5,90
1527,1527,1527,14.0,5,90
1529,1529,1529,30.0,5,90
1531,1531,1531,37.0,5,90
1533,1533,1533,1.0,5,90
1536,1536,1536,44.0,5,90
1538,1538,1538,28.0,5,90
1539,1539,1539,48.0,5,90
1544,1544,1544,11.0,5,90
1546,1546,1546,57.0,5,90
1549,1549,1549,21.0,5,90
1550,1550,1550,10.0,5,90
1554,1554,1554,50.0,5,90
1556,1556,1556,12.0,5,90
1557,1557,1557,28.0,5,90
1558,1558,1558,13.0,5,90
1562,1562,1562,8.0,5,90
1563,1563,1563,48.0,5,90
1564,1564,1564,21.0,5,90
1565,1565,1565,34.0,5,90
1566,1566,1566,43.0,5,90
1567,1567,1567,4.0,5,90
1568,1568,1568,36.0,5,90
1569,1569,1569,7.0,5,90
1572,1572,1572,13.0,5,90
1573,1573,1573,2.0,5,90
1574,1574,1574,78.0,5,90
1576,1576,1576,19.0,5,90
1579,1579,1579,39.0,5,90
1582,1582,1582,14.0,5,90
1583,1583,1583,28.0,5,90
1587,1587,1587,34.0,5,90
1593,1593,1593,25.0,5,90
1594,1594,1594,4.0,5,90
1597,1597,1597,25.0,5,90
1598,1598,1598,28.0,5,90
1600,1600,1600,23.0,5,90
1602,1602,1602,42.0,5,90
1603,1603,1603,3.0,5,90
1607,1607,1607,9.0,5,90
1608,1608,1608,63.0,5,90
1610,1610,1610,20.0,5,90
1611,1611,1611,43.0,5,90
1613,1613,1613,24.0,5,90
1614,1614,1614,23.0,5,90
1617,1617,1617,25.0,5,90
1618,1618,1618,3.0,5,90
1619,1619,1619,7.0,5,90
1622,1622,1622,29.0,5,90
1623,1623,1623,17.0,5,90
1624,1624,1624,26.0,5,90
1625,1625,1625,13.0,5,90
1628,1628,1628,45.0,5,90
1630,1630,1630,4.0,5,90
1634,1634,1634,11.0,5,90
1636,1636,1636,59.0,5,90
1639,1639,1639,46.0,5,90
1640,1640,1640,37.0,5,90
1643,1643,1643,33.0,5,90
1644,1644,1644,13.0,5,90
1645,1645,1645,16.0,5,90
1650,1650,1650,47.0,5,90
1651,1651,1651,66.0,5,90
1652,1652,1652,69.0,5,90
1653,1653,1653,21.0,5,90
1654,1654,1654,4.0,5,90
1658,1658,1658,3.0,5,90
1659,1659,1659,6.0,5,90
1661,1661,1661,13.0,5,90
1663,1663,1663,7.0,5,90
1665,1665,1665,5.0,5,90
1666,1666,1666,10.0,5,90
1667,1667,1667,6.0,5,90
1668,1668,1668,30.0,5,90
1670,1670,1670,22.0,5,90
1672,1672,1672,3.0,5,90
1674,1674,1674,3.0,5,90
1675,1675,1675,16.0,5,90
1677,1677,1677,7.0,5,90
1678,1678,1678,39.0,5,90
1682,1682,1682,9.0,5,90
1684,1684,1684,11.0,5,90
1685,1685,1685,34.0,5,90
1691,1691,1691,13.0,5,90
1692,1692,1692,8.0,5,90
1693,1693,1693,5.0,5,90
1694,1694,1694,72.0,5,90
1697,1697,1697,28.0,5,90
1700,1700,1700,10.0,5,90
1703,1703,1703,35.0,5,90
1704,1704,1704,19.0,5,90
1706,1706,1706,6.0,5,90
1715,1715,1715,34.0,5,90
1717,1717,1717,22.0,5,90
1718,1718,1718,18.0,5,90
1719,1719,1719,45.0,5,90
1720,1720,1720,24.0,5,90
1721,1721,1721,13.0,5,90
1722,1722,1722,3.0,5,90
1727,1727,1727,49.0,5,90
1728,1728,1728,50.0,5,90
1729,1729,1729,46.0,5,90
1731,1731,1731,11.0,5,90
1732,1732,1732,91.0,5,90
1733,1733,1733,30.0,5,90
1734,1734,1734,7.0,5,90
1735,1735,1735,16.0,5,90
1736,1736,1736,6.0,5,90
1739,1739,1739,2.0,5,90
1740,1740,1740,41.0,5,90
1744,1744,1744,28.0,5,90
1745,1745,1745,27.0,5,90
1749,1749,1749,39.0,5,90
1752,1752,1752,13.0,5,90
1754,1754,1754,44.0,5,90
1755,1755,1755,39.0,5,90
1756,1756,1756,19.0,5,90
1757,1757,1757,38.0,5,90
1758,1758,1758,43.0,5,90
1761,1761,1761,2.0,5,90
1762,1762,1762,2.0,5,90
1763,1763,1763,34.0,5,90
1764,1764,1764,20.0,5,90
1767,1767,1767,32.0,5,90
1770,1770,1770,69.0,5,90
1773,1773,1773,1.0,5,90
1774,1774,1774,35.0,5,90
1776,1776,1776,20.0,5,90
1779,1779,1779,9.0,5,90
1783,1783,1783,11.0,5,90
1784,1784,1784,13.0,5,90
1785,1785,1785,22.0,5,90
1786,1786,1786,48.0,5,90
1794,1794,1794,30.0,5,90
1795,1795,1795,45.0,5,90
1796,1796,1796,30.0,5,90
1797,1797,1797,51.0,5,90
1800,1800,1800,23.0,5,90
1803,1803,1803,32.0,5,90
1806,1806,1806,34.0,5,90
1808,1808,1808,20.0,5,90
1810,1810,1810,29.0,5,90
1812,1812,1812,12.0,5,90
1813,1813,1813,12.0,5,90
1816,1816,1816,15.0,5,90
1817,1817,1817,44.0,5,90
1818,1818,1818,40.0,5,90
1819,1819,1819,58.0,5,90
1820,1820,1820,36.0,5,90
1822,1822,1822,36.0,5,90
1825,1825,1825,27.0,5,90
1831,1831,1831,22.0,5,90
1833,1833,1833,32.0,5,90
1834,1834,1834,17.0,5,90
1838,1838,1838,8.0,5,90
1839,1839,1839,27.0,5,90
1840,1840,1840,45.0,5,90
1842,1842,1842,1.0,5,90
1843,1843,1843,21.0,5,90
1846,1846,1846,35.0,5,90
1849,1849,1849,8.0,5,90
1851,1851,1851,34.0,5,90
1852,1852,1852,43.0,5,90
1858,1858,1858,31.0,5,90
1859,1859,1859,59.0,5,90
1860,1860,1860,19.0,5,90
1862,1862,1862,47.0,5,90
1863,1863,1863,11.0,5,90
1864,1864,1864,7.0,5,90
1865,1865,1865,16.0,5,90
1866,1866,1866,46.0,5,90
1867,1867,1867,17.0,5,90
1868,1868,1868,3.0,5,90
1873,1873,1873,6.0,5,90
1874,1874,1874,8.0,5,90
1878,1878,1878,14.0,5,90
1879,1879,1879,13.0,5,90
1880,1880,1880,44.0,5,90
1882,1882,1882,33.0,5,90
1883,1883,1883,40.0,5,90
1884,1884,1884,19.0,5,90
1885,1885,1885,42.0,5,90
1886,1886,1886,33.0,5,90
1887,1887,1887,78.0,5,90
1888,1888,1888,45.0,5,90
1892,1892,1892,61.0,5,90
1894,1894,1894,8.0,5,90
1895,1895,1895,12.0,5,90
1900,1900,1900,41.0,5,90
1901,1901,1901,8.0,5,90
1903,1903,1903,8.0,5,90
1904,1904,1904,11.0,5,90
1907,1907,1907,13.0,5,90
1908,1908,1908,19.0,5,90
1911,1911,1911,33.0,5,90
1912,1912,1912,3.0,5,90
1913,1913,1913,20.0,5,90
1915,1915,1915,8.0,5,90
1916,1916,1916,20.0,5,90
1917,1917,1917,29.0,5,90
1918,1918,1918,6.0,5,90
1921,1921,1921,33.0,5,90
1923,1923,1923,3.0,5,90
1924,1924,1924,12.0,5,90
1926,1926,1926,7.0,5,90
1928,1928,1928,29.0,5,90
1929,1929,1929,37.0,5,90
1930,1930,1930,46.0,5,90
1932,1932,1932,16.0,5,90
1937,1937,1937,22.0,5,90
1938,1938,1938,9.0,5,90
1941,1941,1941,31.0,5,90
1949,1949,1949,2.0,5,90
1953,1953,1953,50.0,5,90
1954,1954,1954,18.0,5,90
1957,1957,1957,75.0,5,90
1958,1958,1958,24.0,5,90
1959,1959,1959,46.0,5,90
1960,1960,1960,34.0,5,90
1961,1961,1961,34.0,5,90
1962,1962,1962,29.0,5,90
1964,1964,1964,110.0,5,90
1966,1966,1966,52.0,5,90
1969,1969,1969,1.0,5,90
1972,1972,1972,20.0,5,90
1973,1973,1973,36.0,5,90
1975,1975,1975,29.0,5,90
1976,1976,1976,23.0,5,90
1977,1977,1977,10.0,5,90
1983,1983,1983,3.0,5,90
1985,1985,1985,6.0,5,90
1988,1988,1988,10.0,5,90
1989,1989,1989,28.0,5,90
1993,1993,1993,30.0,5,90
1995,1995,1995,9.0,5,90
1996,1996,1996,33.0,5,90
1997,1997,1997,8.0,5,90
1998,1998,1998,4.0,5,90
2001,2001,2001,32.0,5,90
2002,2002,2002,42.0,5,90
2005,2005,2005,1.0,5,90
2006,2006,2006,45.0,5,90
2007,2007,2007,17.0,5,90
2008,2008,2008,11.0,5,90
2009,2009,2009,1.0,5,90
2010,2010,2010,36.0,5,90
2013,2013,2013,14.0,5,90
2019,2019,2019,64.0,5,90
2026,2026,2026,19.0,5,90
2029,2029,2029,29.0,5,90
2030,2030,2030,13.0,5,90
2031,2031,2031,14.0,5,90
2032,2032,2032,22.0,5,90
2034,2034,2034,20.0,5,90
2039,2039,2039,11.0,5,90
2041,2041,2041,11.0,5,90
2043,2043,2043,4.0,5,90
2045,2045,2045,11.0,5,90
2051,2051,2051,6.0,5,90
2052,2052,2052,7.0,5,90
2054,2054,2054,8.0,5,90
2055,2055,2055,18.0,5,90
2056,2056,2056,5.0,5,90
2058,2058,2058,68.0,5,90
2059,2059,2059,29.0,5,90
2060,2060,2060,14.0,5,90
2062,2062,2062,11.0,5,90
2064,2064,2064,28.0,5,90
2065,2065,2065,18.0,5,90
2068,2068,2068,12.0,5,90
2069,2069,2069,111.0,5,90
2074,2074,2074,23.0,5,90
2075,2075,2075,4.0,5,90
2076,2076,2076,45.0,5,90
2078,2078,2078,25.0,5,90
2079,2079,2079,20.0,5,90
2080,2080,2080,38.0,5,90
2082,2082,2082,10.0,5,90
2084,2084,2084,15.0,5,90
2086,2086,2086,22.0,5,90
2088,2088,2088,41.0,5,90
2089,2089,2089,33.0,5,90
2090,2090,2090,31.0,5,90
2091,2091,2091,6.0,5,90
2094,2094,2094,24.0,5,90
2096,2096,2096,98.0,5,90
2099,2099,2099,2.0,5,90
2100,2100,2100,7.0,5,90
2102,2102,2102,10.0,5,90
2103,2103,2103,15.0,5,90
2104,2104,2104,5.0,5,90
2105,2105,2105,27.0,5,90
2109,2109,2109,9.0,5,90
2111,2111,2111,30.0,5,90
2113,2113,2113,48.0,5,90
2114,2114,2114,17.0,5,90
2115,2115,2115,5.0,5,90
2116,2116,2116,55.0,5,90
2120,2120,2120,24.0,5,90
2121,2121,2121,3.0,5,90
2123,2123,2123,24.0,5,90
2124,2124,2124,26.0,5,90
2125,2125,2125,38.0,5,90
2128,2128,2128,22.0,5,90
2129,2129,2129,10.0,5,90
2130,2130,2130,10.0,5,90
2131,2131,2131,38.0,5,90
2132,2132,2132,1.0,5,90
2136,2136,2136,31.0,5,90
2140,2140,2140,32.0,5,90
2142,2142,2142,17.0,5,90
2145,2145,2145,17.0,5,90
2146,2146,2146,6.0,5,90
2154,2154,2154,15.0,5,90
2159,2159,2159,19.0,5,90
2163,2163,2163,20.0,5,90
2164,2164,2164,7.0,5,90
2165,2165,2165,24.0,5,90
2175,2175,2175,89.0,5,90
2176,2176,2176,58.0,5,90
2178,2178,2178,1.0,5,90
2179,2179,2179,55.0,5,90
2180,2180,2180,20.0,5,90
2186,2186,2186,21.0,5,90
2187,2187,2187,10.0,5,90
2188,2188,2188,37.0,5,90
2189,2189,2189,3.0,5,90
2192,2192,2192,52.0,5,90
2193,2193,2193,26.0,5,90
2198,2198,2198,5.0,5,90
2199,2199,2199,27.0,5,90
2201,2201,2201,68.0,5,90
2206,2206,2206,18.0,5,90
2209,2209,2209,27.0,5,90
2212,2212,2212,17.0,5,90
2215,2215,2215,24.0,5,90
2221,2221,2221,31.0,5,90
2222,2222,2222,3.0,5,90
2223,2223,2223,15.0,5,90
2227,2227,2227,1.0,5,90
2230,2230,2230,25.0,5,90
2232,2232,2232,82.0,5,90
2235,2235,2235,9.0,5,90
2238,2238,2238,11.0,5,90
2240,2240,2240,7.0,5,90
2241,2241,2241,48.0,5,90
2242,2242,2242,3.0,5,90
2246,2246,2246,28.0,5,90
2248,2248,2248,77.0,5,90
2249,2249,2249,43.0,5,90
2251,2251,2251,62.0,5,90
2252,2252,2252,75.0,5,90
2253,2253,2253,6.0,5,90
2254,2254,2254,29.0,5,90
2259,2259,2259,24.0,5,90
2261,2261,2261,18.0,5,90
2262,2262,2262,37.0,5,90
2263,2263,2263,9.0,5,90
2264,2264,2264,80.0,5,90
2266,2266,2266,32.0,5,90
2267,2267,2267,23.0,5,90
2268,2268,2268,3.0,5,90
2269,2269,2269,7.0,5,90
2271,2271,2271,16.0,5,90
2272,2272,2272,25.0,5,90
2273,2273,2273,30.0,5,90
2274,2274,2274,9.0,5,90
2276,2276,2276,23.0,5,90
2279,2279,2279,44.0,5,90
2280,2280,2280,13.0,5,90
2282,2282,2282,16.0,5,90
2286,2286,2286,7.0,5,90
2287,2287,2287,51.0,5,90
2288,2288,2288,27.0,5,90
2292,2292,2292,30.0,5,90
2293,2293,2293,11.0,5,90
2294,2294,2294,41.0,5,90
2295,2295,2295,11.0,5,90
2300,2300,2300,52.0,5,90
2301,2301,2301,24.0,5,90
2305,2305,2305,5.0,5,90
2307,2307,2307,32.0,5,90
2309,2309,2309,27.0,5,90
2310,2310,2310,7.0,5,90
2311,2311,2311,18.0,5,90
2315,2315,2315,13.0,5,90
2317,2317,2317,16.0,5,90
2320,2320,2320,27.0,5,90
2322,2322,2322,67.0,5,90
2324,2324,2324,40.0,5,90
2326,2326,2326,47.0,5,90
2327,2327,2327,35.0,5,90
2338,2338,2338,20.0,5,90
2343,2343,2343,17.0,5,90
2345,2345,2345,3.0,5,90
2346,2346,2346,30.0,5,90
2347,2347,2347,15.0,5,90
2348,2348,2348,6.0,5,90
2349,2349,2349,8.0,5,90
2351,2351,2351,40.0,5,90
2352,2352,2352,18.0,5,90
2353,2353,2353,6.0,5,90
2355,2355,2355,28.0,5,90
2358,2358,2358,25.0,5,90
2360,2360,2360,20.0,5,90
2362,2362,2362,39.0,5,90
2363,2363,2363,29.0,5,90
2364,2364,2364,20.0,5,90
2366,2366,2366,8.0,5,90
2370,2370,2370,4.0,5,90
2372,2372,2372,2.0,5,90
2375,2375,2375,17.0,5,90
2377,2377,2377,43.0,5,90
2378,2378,2378,51.0,5,90
2379,2379,2379,37.0,5,90
2381,2381,2381,16.0,5,90
2382,2382,2382,11.0,5,90
2383,2383,2383,51.0,5,90
2384,2384,2384,3.0,5,90
2386,2386,2386,18.0,5,90
2390,2390,2390,43.0,5,90
2392,2392,2392,12.0,5,90
2393,2393,2393,4.0,5,90
2394,2394,2394,3.0,5,90
2396,2396,2396,41.0,5,90
2402,2402,2402,23.0,5,90
2403,2403,2403,40.0,5,90
2405,2405,2405,29.0,5,90
2407,2407,2407,7.0,5,90
2408,2408,2408,7.0,5,90
2409,2409,2409,26.0,5,90
2410,2410,2410,56.0,5,90
2411,2411,2411,30.0,5,90
2412,2412,2412,22.0,5,90
2415,2415,2415,12.0,5,90
2416,2416,2416,20.0,5,90
2418,2418,2418,20.0,5,90
2419,2419,2419,58.0,5,90
2420,2420,2420,33.0,5,90
2421,2421,2421,5.0,5,90
2422,2422,2422,28.0,5,90
2426,2426,2426,41.0,5,90
2427,2427,2427,26.0,5,90
2429,2429,2429,20.0,5,90
2430,2430,2430,44.0,5,90
2431,2431,2431,30.0,5,90
2432,2432,2432,17.0,5,90
2434,2434,2434,21.0,5,90
2435,2435,2435,43.0,5,90
2436,2436,2436,16.0,5,90
2437,2437,2437,6.0,5,90
2438,2438,2438,38.0,5,90
2439,2439,2439,50.0,5,90
2441,2441,2441,21.0,5,90
2442,2442,2442,14.0,5,90
2443,2443,2443,9.0,5,90
2449,2449,2449,9.0,5,90
2450,2450,2450,20.0,5,90
2452,2452,2452,1.0,5,90
2453,2453,2453,23.0,5,90
2456,2456,2456,14.0,5,90
2457,2457,2457,16.0,5,90
2460,2460,2460,13.0,5,90
2461,2461,2461,25.0,5,90
2463,2463,2463,12.0,5,90
2464,2464,2464,9.0,5,90
2467,2467,2467,12.0,5,90
2468,2468,2468,4.0,5,90
2472,2472,2472,5.0,5,90
2474,2474,2474,17.0,5,90
2477,2477,2477,24.0,5,90
2478,2478,2478,16.0,5,90
2481,2481,2481,27.0,5,90
2482,2482,2482,17.0,5,90
2483,2483,2483,15.0,5,90
2485,2485,2485,68.0,5,90
2486,2486,2486,22.0,5,90
2488,2488,2488,9.0,5,90
2489,2489,2489,9.0,5,90
2490,2490,2490,72.0,5,90
2491,2491,2491,44.0,5,90
2498,2498,2498,3.0,5,90
2499,2499,2499,15.0,5,90
2500,2500,2500,52.0,5,90
2507,2507,2507,43.0,5,90
2509,2509,2509,28.0,5,90
2511,2511,2511,36.0,5,90
2513,2513,2513,9.0,5,90
2514,2514,2514,7.0,5,90
2516,2516,2516,30.0,5,90
2517,2517,2517,1.0,5,90
2518,2518,2518,25.0,5,90
2519,2519,2519,9.0,5,90
2520,2520,2520,47.0,5,90
2533,2533,2533,39.0,5,90
2534,2534,2534,27.0,5,90
2535,2535,2535,57.0,5,90
2538,2538,2538,14.0,5,90
2539,2539,2539,7.0,5,90
2542,2542,2542,46.0,5,90
2543,2543,2543,30.0,5,90
2546,2546,2546,32.0,5,90
2548,2548,2548,2.0,5,90
2550,2550,2550,1.0,5,90
2551,2551,2551,26.0,5,90
2558,2558,2558,34.0,5,90
2561,2561,2561,67.0,5,90
2563,2563,2563,37.0,5,90
2565,2565,2565,34.0,5,90
2566,2566,2566,5.0,5,90
2568,2568,2568,21.0,5,90
2569,2569,2569,51.0,5,90
2570,2570,2570,5.0,5,90
2574,2574,2574,11.0,5,90
2578,2578,2578,7.0,5,90
2580,2580,2580,19.0,5,90
2584,2584,2584,23.0,5,90
2586,2586,2586,22.0,5,90
2587,2587,2587,13.0,5,90
2588,2588,2588,17.0,5,90
2589,2589,2589,40.0,5,90
2592,2592,2592,5.0,5,90
2593,2593,2593,22.0,5,90
2594,2594,2594,40.0,5,90
2595,2595,2595,4.0,5,90
2597,2597,2597,32.0,5,90
2599,2599,2599,8.0,5,90
2600,2600,2600,21.0,5,90
2603,2603,2603,27.0,5,90
2604,2604,2604,56.0,5,90
2605,2605,2605,28.0,5,90
2606,2606,2606,69.0,5,90
2607,2607,2607,7.0,5,90
2608,2608,2608,53.0,5,90
2609,2609,2609,8.0,5,90
2611,2611,2611,8.0,5,90
2618,2618,2618,22.0,5,90
2630,2630,2630,25.0,5,90
2631,2631,2631,6.0,5,90
2632,2632,2632,34.0,5,90
2633,2633,2633,31.0,5,90
2634,2634,2634,32.0,5,90
2639,2639,2639,62.0,5,90
2640,2640,2640,9.0,5,90
2646,2646,2646,5.0,5,90
2650,2650,2650,19.0,5,90
2652,2652,2652,81.0,5,90
2654,2654,2654,27.0,5,90
2657,2657,2657,20.0,5,90
2659,2659,2659,19.0,5,90
2661,2661,2661,20.0,5,90
2662,2662,2662,31.0,5,90
2664,2664,2664,31.0,5,90
2666,2666,2666,34.0,5,90
2667,2667,2667,46.0,5,90
2668,2668,2668,45.0,5,90
2673,2673,2673,24.0,5,90
2675,2675,2675,30.0,5,90
2679,2679,2679,23.0,5,90
2680,2680,2680,8.0,5,90
2681,2681,2681,4.0,5,90
2683,2683,2683,9.0,5,90
2685,2685,2685,9.0,5,90
2686,2686,2686,21.0,5,90
2688,2688,2688,15.0,5,90
2690,2690,2690,86.0,5,90
2692,2692,2692,14.0,5,90
2694,2694,2694,42.0,5,90
2696,2696,2696,27.0,5,90
2698,2698,2698,28.0,5,90
2699,2699,2699,5.0,5,90
2701,2701,2701,65.0,5,90
2702,2702,2702,3.0,5,90
2705,2705,2705,20.0,5,90
2706,2706,2706,28.0,5,90
2708,2708,2708,12.0,5,90
2711,2711,2711,14.0,5,90
2713,2713,2713,16.0,5,90
2714,2714,2714,18.0,5,90
2716,2716,2716,33.0,5,90
2717,2717,2717,39.0,5,90
2718,2718,2718,9.0,5,90
2719,2719,2719,30.0,5,90
2722,2722,2722,24.0,5,90
2724,2724,2724,49.0,5,90
2726,2726,2726,33.0,5,90
2730,2730,2730,32.0,5,90
2732,2732,2732,28.0,5,90
2734,2734,2734,8.0,5,90
2739,2739,2739,31.0,5,90
2743,2743,2743,46.0,5,90
2746,2746,2746,30.0,5,90
2747,2747,2747,25.0,5,90
2750,2750,2750,17.0,5,90
2751,2751,2751,21.0,5,90
2752,2752,2752,13.0,5,90
2753,2753,2753,30.0,5,90
2755,2755,2755,17.0,5,90
2756,2756,2756,20.0,5,90
2758,2758,2758,26.0,5,90
2764,2764,2764,22.0,5,90
2765,2765,2765,23.0,5,90
2766,2766,2766,33.0,5,90
2771,2771,2771,2.0,5,90
2772,2772,2772,21.0,5,90
2775,2775,2775,19.0,5,90
2776,2776,2776,17.0,5,90
2779,2779,2779,20.0,5,90
2782,2782,2782,31.0,5,90
2784,2784,2784,30.0,5,90
2786,2786,2786,51.0,5,90
2787,2787,2787,10.0,5,90
2788,2788,2788,22.0,5,90
2793,2793,2793,3.0,5,90
2796,2796,2796,26.0,5,90
2798,2798,2798,31.0,5,90
2799,2799,2799,3.0,5,90
2800,2800,2800,4.0,5,90
2805,2805,2805,32.0,5,90
2806,2806,2806,5.0,5,90
2810,2810,2810,26.0,5,90
2812,2812,2812,21.0,5,90
2814,2814,2814,2.0,5,90
2818,2818,2818,28.0,5,90
2819,2819,2819,30.0,5,90
2820,2820,2820,38.0,5,90
2822,2822,2822,20.0,5,90
2827,2827,2827,11.0,5,90
2830,2830,2830,48.0,5,90
2831,2831,2831,14.0,5,90
2835,2835,2835,27.0,5,90
2838,2838,2838,6.0,5,90
2839,2839,2839,1.0,5,90
2843,2843,2843,2.0,5,90
2844,2844,2844,7.0,5,90
2845,2845,2845,22.0,5,90
2849,2849,2849,36.0,5,90
2850,2850,2850,18.0,5,90
2851,2851,2851,37.0,5,90
2852,2852,2852,10.0,5,90
2853,2853,2853,6.0,5,90
2855,2855,2855,22.0,5,90
2856,2856,2856,4.0,5,90
2857,2857,2857,9.0,5,90
2858,2858,2858,14.0,5,90
2859,2859,2859,2.0,5,90
2860,2860,2860,11.0,5,90
2861,2861,2861,25.0,5,90
2862,2862,2862,7.0,5,90
2865,2865,2865,6.0,5,90
2867,2867,2867,22.0,5,90
2869,2869,2869,35.0,5,90
2870,2870,2870,39.0,5,90
2871,2871,2871,7.0,5,90
2873,2873,2873,33.0,5,90
2875,2875,2875,7.0,5,90
2876,2876,2876,18.0,5,90
2877,2877,2877,39.0,5,90
2878,2878,2878,29.0,5,90
2881,2881,2881,41.0,5,90
2885,2885,2885,22.0,5,90
2887,2887,2887,41.0,5,90
2888,2888,2888,18.0,5,90
2889,2889,2889,16.0,5,90
2891,2891,2891,21.0,5,90
2892,2892,2892,58.0,5,90
2893,2893,2893,2.0,5,90
2894,2894,2894,21.0,5,90
2896,2896,2896,8.0,5,90
2897,2897,2897,17.0,5,90
2899,2899,2899,49.0,5,90
2900,2900,2900,16.0,5,90
2901,2901,2901,13.0,5,90
2903,2903,2903,11.0,5,90
2908,2908,2908,40.0,5,90
2909,2909,2909,75.0,5,90
2910,2910,2910,28.0,5,90
2913,2913,2913,5.0,5,90
2914,2914,2914,13.0,5,90
2916,2916,2916,80.0,5,90
2921,2921,2921,42.0,5,90
2922,2922,2922,36.0,5,90
2925,2925,2925,17.0,5,90
2926,2926,2926,52.0,5,90
2929,2929,2929,37.0,5,90
2931,2931,2931,4.0,5,90
2934,2934,2934,24.0,5,90
2935,2935,2935,10.0,5,90
2936,2936,2936,3.0,5,90
2937,2937,2937,9.0,5,90
2938,2938,2938,3.0,5,90
2939,2939,2939,27.0,5,90
2941,2941,2941,57.0,5,90
2942,2942,2942,3.0,5,90
2943,2943,2943,44.0,5,90
2944,2944,2944,32.0,5,90
2948,2948,2948,64.0,5,90
2950,2950,2950,5.0,5,90
2953,2953,2953,53.0,5,90
2954,2954,2954,4.0,5,90
2957,2957,2957,7.0,5,90
2958,2958,2958,22.0,5,90
2959,2959,2959,11.0,5,90
2960,2960,2960,42.0,5,90
2961,2961,2961,39.0,5,90
2962,2962,2962,8.0,5,90
2965,2965,2965,17.0,5,90
2974,2974,2974,8.0,5,90
2975,2975,2975,19.0,5,90
2977,2977,2977,15.0,5,90
2983,2983,2983,61.0,5,90
2985,2985,2985,28.0,5,90
2987,2987,2987,27.0,5,90
2989,2989,2989,8.0,5,90
2991,2991,2991,4.0,5,90
2993,2993,2993,7.0,5,90
2994,2994,2994,2.0,5,90
2995,2995,2995,5.0,5,90
2996,2996,2996,51.0,5,90
2997,2997,2997,49.0,5,90
2998,2998,2998,37.0,5,90
3000,3000,3000,3.0,5,90
3002,3002,3002,31.0,5,90
3004,3004,3004,17.0,5,90
3007,3007,3007,20.0,5,90
3008,3008,3008,22.0,5,90
3009,3009,3009,34.0,5,90
3013,3013,3013,5.0,5,90
3014,3014,3014,53.0,5,90
3016,3016,3016,11.0,5,90
3020,3020,3020,21.0,5,90
3022,3022,3022,49.0,5,90
3023,3023,3023,25.0,5,90
3026,3026,3026,17.0,5,90
3027,3027,3027,5.0,5,90
3028,3028,3028,27.0,5,90
3030,3030,3030,12.0,5,90
3032,3032,3032,33.0,5,90
3034,3034,3034,4.0,5,90
3035,3035,3035,23.0,5,90
3036,3036,3036,51.0,5,90
3039,3039,3039,38.0,5,90
3040,3040,3040,8.0,5,90
3041,3041,3041,47.0,5,90
3043,3043,3043,46.0,5,90
3044,3044,3044,3.0,5,90
3045,3045,3045,21.0,5,90
3046,3046,3046,49.0,5,90
3047,3047,3047,24.0,5,90
3049,3049,3049,46.0,5,90
3052,3052,3052,9.0,5,90
3053,3053,3053,38.0,5,90
3054,3054,3054,42.0,5,90
3055,3055,3055,19.0,5,90
3057,3057,3057,7.0,5,90
3063,3063,3063,32.0,5,90
3064,3064,3064,20.0,5,90
3066,3066,3066,21.0,5,90
3068,3068,3068,26.0,5,90
3069,3069,3069,3.0,5,90
3071,3071,3071,18.0,5,90
3072,3072,3072,33.0,5,90
3075,3075,3075,14.0,5,90
3076,3076,3076,2.0,5,90
3077,3077,3077,52.0,5,90
3078,3078,3078,26.0,5,90
3079,3079,3079,26.0,5,90
3081,3081,3081,10.0,5,90
3082,3082,3082,22.0,5,90
3083,3083,3083,41.0,5,90
3085,3085,3085,1.0,5,90
3088,3088,3088,7.0,5,90
3089,3089,3089,51.0,5,90
3090,3090,3090,46.0,5,90
3091,3091,3091,12.0,5,90
3093,3093,3093,22.0,5,90
3094,3094,3094,11.0,5,90
3095,3095,3095,7.0,5,90
3096,3096,3096,14.0,5,90
3098,3098,3098,63.0,5,90
3099,3099,3099,31.0,5,90
3104,3104,3104,23.0,5,90
3109,3109,3109,55.0,5,90
3111,3111,3111,10.0,5,90
3112,3112,3112,72.0,5,90
3113,3113,3113,28.0,5,90
3115,3115,3115,52.0,5,90
3116,3116,3116,17.0,5,90
3117,3117,3117,11.0,5,90
3119,3119,3119,36.0,5,90
3122,3122,3122,2.0,5,90
3127,3127,3127,19.0,5,90
3131,3131,3131,18.0,5,90
3134,3134,3134,1.0,5,90
3135,3135,3135,12.0,5,90
3137,3137,3137,22.0,5,90
3142,3142,3142,17.0,5,90
3143,3143,3143,35.0,5,90
3144,3144,3144,18.0,5,90
3147,3147,3147,53.0,5,90
3148,3148,3148,24.0,5,90
3150,3150,3150,34.0,5,90
3152,3152,3152,9.0,5,90
3153,3153,3153,50.0,5,90
3154,3154,3154,2.0,5,90
3158,3158,3158,67.0,5,90
3159,3159,3159,5.0,5,90
3160,3160,3160,32.0,5,90
3163,3163,3163,24.0,5,90
3165,3165,3165,3.0,5,90
3167,3167,3167,26.0,5,90
3169,3169,3169,17.0,5,90
3171,3171,3171,47.0,5,90
3177,3177,3177,11.0,5,90
3180,3180,3180,9.0,5,90
3181,3181,3181,17.0,5,90
3182,3182,3182,28.0,5,90
3183,3183,3183,8.0,5,90
3184,3184,3184,30.0,5,90
3186,3186,3186,32.0,5,90
3189,3189,3189,3.0,5,90
3190,3190,3190,44.0,5,90
3192,3192,3192,29.0,5,90
3196,3196,3196,54.0,5,90
3198,3198,3198,34.0,5,90
3199,3199,3199,1.0,5,90
3200,3200,3200,47.0,5,90
3201,3201,3201,81.0,5,90
3203,3203,3203,29.0,5,90
3213,3213,3213,80.0,5,90
3215,3215,3215,9.0,5,90
3216,3216,3216,6.0,5,90
3218,3218,3218,22.0,5,90
3219,3219,3219,33.0,5,90
3231,3231,3231,40.0,5,90
3232,3232,3232,43.0,5,90
3233,3233,3233,38.0,5,90
3234,3234,3234,12.0,5,90
3237,3237,3237,20.0,5,90
3239,3239,3239,42.0,5,90
3240,3240,3240,3.0,5,90
3243,3243,3243,34.0,5,90
3244,3244,3244,11.0,5,90
3249,3249,3249,38.0,5,90
3252,3252,3252,26.0,5,90
3253,3253,3253,16.0,5,90
3254,3254,3254,22.0,5,90
3255,3255,3255,17.0,5,90
3256,3256,3256,17.0,5,90
3257,3257,3257,3.0,5,90
3259,3259,3259,22.0,5,90
3261,3261,3261,64.0,5,90
3262,3262,3262,16.0,5,90
3263,3263,3263,66.0,5,90
3264,3264,3264,6.0,5,90
3269,3269,3269,28.0,5,90
3270,3270,3270,50.0,5,90
3271,3271,3271,27.0,5,90
3275,3275,3275,2.0,5,90
3280,3280,3280,1.0,5,90
3281,3281,3281,4.0,5,90
3284,3284,3284,17.0,5,90
3287,3287,3287,19.0,5,90
3289,3289,3289,20.0,5,90
3291,3291,3291,41.0,5,90
3292,3292,3292,15.0,5,90
3293,3293,3293,17.0,5,90
3294,3294,3294,27.0,5,90
3295,3295,3295,14.0,5,90
3296,3296,3296,8.0,5,90
3301,3301,3301,49.0,5,90
3303,3303,3303,4.0,5,90
3305,3305,3305,27.0,5,90
3307,3307,3307,42.0,5,90
3308,3308,3308,47.0,5,90
3311,3311,3311,49.0,5,90
3313,3313,3313,15.0,5,90
3316,3316,3316,27.0,5,90
3321,3321,3321,59.0,5,90
3322,3322,3322,43.0,5,90
3323,3323,3323,29.0,5,90
3324,3324,3324,28.0,5,90
3329,3329,3329,5.0,5,90
3331,3331,3331,4.0,5,90
3335,3335,3335,8.0,5,90
3336,3336,3336,98.0,5,90
3337,3337,3337,20.0,5,90
3339,3339,3339,4.0,5,90
3341,3341,3341,48.0,5,90
3343,3343,3343,37.0,5,90
3346,3346,3346,65.0,5,90
3348,3348,3348,8.0,5,90
3349,3349,3349,22.0,5,90
3352,3352,3352,29.0,5,90
3354,3354,3354,31.0,5,90
3359,3359,3359,10.0,5,90
3360,3360,3360,22.0,5,90
3361,3361,3361,78.0,5,90
3363,3363,3363,26.0,5,90
3364,3364,3364,17.0,5,90
3366,3366,3366,11.0,5,90
3367,3367,3367,2.0,5,90
3369,3369,3369,25.0,5,90
3372,3372,3372,2.0,5,90
3376,3376,3376,26.0,5,90
3380,3380,3380,45.0,5,90
3381,3381,3381,57.0,5,90
3382,3382,3382,2.0,5,90
3383,3383,3383,93.0,5,90
3384,3384,3384,31.0,5,90
3385,3385,3385,2.0,5,90
3387,3387,3387,11.0,5,90
3388,3388,3388,8.0,5,90
3390,3390,3390,2.0,5,90
3397,3397,3397,29.0,5,90
3398,3398,3398,53.0,5,90
3399,3399,3399,3.0,5,90
3400,3400,3400,9.0,5,90
3401,3401,3401,9.0,5,90
3403,3403,3403,2.0,5,90
3404,3404,3404,33.0,5,90
3406,3406,3406,52.0,5,90
3407,3407,3407,15.0,5,90
3409,3409,3409,22.0,5,90
3410,3410,3410,45.0,5,90
3411,3411,3411,9.0,5,90
3412,3412,3412,15.0,5,90
3419,3419,3419,32.0,5,90
3421,3421,3421,14.0,5,90
3425,3425,3425,10.0,5,90
3427,3427,3427,4.0,5,90
3429,3429,3429,3.0,5,90
3433,3433,3433,2.0,5,90
3434,3434,3434,19.0,5,90
3435,3435,3435,1.0,5,90
3436,3436,3436,20.0,5,90
3439,3439,3439,63.0,5,90
3445,3445,3445,32.0,5,90
3448,3448,3448,27.0,5,90
3449,3449,3449,4.0,5,90
3450,3450,3450,15.0,5,90
3451,3451,3451,10.0,5,90
3452,3452,3452,47.0,5,90
3456,3456,3456,14.0,5,90
3457,3457,3457,27.0,5,90
3458,3458,3458,3.0,5,90
3463,3463,3463,16.0,5,90
3470,3470,3470,32.0,5,90
3471,3471,3471,11.0,5,90
3473,3473,3473,79.0,5,90
3474,3474,3474,25.0,5,90
3475,3475,3475,9.0,5,90
3476,3476,3476,40.0,5,90
3478,3478,3478,34.0,5,90
3489,3489,3489,28.0,5,90
3490,3490,3490,17.0,5,90
3491,3491,3491,12.0,5,90
3493,3493,3493,21.0,5,90
3496,3496,3496,14.0,5,90
3498,3498,3498,26.0,5,90
3500,3500,3500,10.0,5,90
3501,3501,3501,28.0,5,90
3504,3504,3504,23.0,5,90
3505,3505,3505,2.0,5,90
3506,3506,3506,19.0,5,90
3510,3510,3510,11.0,5,90
3511,3511,3511,29.0,5,90
3517,3517,3517,14.0,5,90
3522,3522,3522,91.0,5,90
3524,3524,3524,17.0,5,90
3527,3527,3527,1.0,5,90
3529,3529,3529,30.0,5,90
3530,3530,3530,24.0,5,90
3531,3531,3531,57.0,5,90
3532,3532,3532,19.0,5,90
3539,3539,3539,54.0,5,90
3541,3541,3541,42.0,5,90
3543,3543,3543,15.0,5,90
3544,3544,3544,85.0,5,90
3548,3548,3548,6.0,5,90
3549,3549,3549,11.0,5,90
3551,3551,3551,19.0,5,90
3552,3552,3552,1.0,5,90
3555,3555,3555,3.0,5,90
3556,3556,3556,28.0,5,90
3557,3557,3557,11.0,5,90
3558,3558,3558,11.0,5,90
3559,3559,3559,6.0,5,90
3560,3560,3560,21.0,5,90
3564,3564,3564,13.0,5,90
3567,3567,3567,6.0,5,90
3568,3568,3568,10.0,5,90
3569,3569,3569,43.0,5,90
3570,3570,3570,18.0,5,90
3571,3571,3571,35.0,5,90
3572,3572,3572,10.0,5,90
3573,3573,3573,5.0,5,90
3576,3576,3576,16.0,5,90
3578,3578,3578,72.0,5,90
3580,3580,3580,26.0,5,90
3581,3581,3581,8.0,5,90
3582,3582,3582,31.0,5,90
3585,3585,3585,33.0,5,90
3586,3586,3586,33.0,5,90
3587,3587,3587,34.0,5,90
3588,3588,3588,59.0,5,90
3590,3590,3590,5.0,5,90
3591,3591,3591,5.0,5,90
3593,3593,3593,12.0,5,90
3594,3594,3594,14.0,5,90
3596,3596,3596,30.0,5,90
3597,3597,3597,50.0,5,90
3598,3598,3598,14.0,5,90
3599,3599,3599,18.0,5,90
3600,3600,3600,50.0,5,90
3604,3604,3604,15.0,5,90
3605,3605,3605,8.0,5,90
3606,3606,3606,4.0,5,90
3607,3607,3607,15.0,5,90
3609,3609,3609,11.0,5,90
3610,3610,3610,42.0,5,90
3613,3613,3613,22.0,5,90
3614,3614,3614,19.0,5,90
3618,3618,3618,1.0,5,90
3621,3621,3621,6.0,5,90
3623,3623,3623,20.0,5,90
3624,3624,3624,62.0,5,90
3625,3625,3625,30.0,5,90
3626,3626,3626,11.0,5,90
3627,3627,3627,31.0,5,90
3630,3630,3630,15.0,5,90
3631,3631,3631,39.0,5,90
3632,3632,3632,20.0,5,90
3634,3634,3634,11.0,5,90
3635,3635,3635,27.0,5,90
3636,3636,3636,38.0,5,90
3637,3637,3637,20.0,5,90
3640,3640,3640,2.0,5,90
3641,3641,3641,9.0,5,90
3642,3642,3642,16.0,5,90
3645,3645,3645,33.0,5,90
3646,3646,3646,22.0,5,90
3647,3647,3647,27.0,5,90
3648,3648,3648,41.0,5,90
3649,3649,3649,51.0,5,90
3653,3653,3653,2.0,5,90
3655,3655,3655,17.0,5,90
3657,3657,3657,36.0,5,90
3659,3659,3659,27.0,5,90
3661,3661,3661,8.0,5,90
3662,3662,3662,11.0,5,90
3664,3664,3664,51.0,5,90
3666,3666,3666,3.0,5,90
3668,3668,3668,16.0,5,90
3669,3669,3669,22.0,5,90
3670,3670,3670,28.0,5,90
3672,3672,3672,44.0,5,90
3674,3674,3674,48.0,5,90
3676,3676,3676,6.0,5,90
3677,3677,3677,23.0,5,90
3683,3683,3683,34.0,5,90
3684,3684,3684,45.0,5,90
3686,3686,3686,20.0,5,90
3687,3687,3687,20.0,5,90
3688,3688,3688,17.0,5,90
3689,3689,3689,47.0,5,90
3691,3691,3691,15.0,5,90
3693,3693,3693,19.0,5,90
3695,3695,3695,20.0,5,90
3697,3697,3697,46.0,5,90
3702,3702,3702,15.0,5,90
3703,3703,3703,42.0,5,90
3705,3705,3705,26.0,5,90
3706,3706,3706,13.0,5,90
3708,3708,3708,11.0,5,90
3709,3709,3709,24.0,5,90
3710,3710,3710,2.0,5,90
3712,3712,3712,25.0,5,90
3715,3715,3715,11.0,5,90
3717,3717,3717,8.0,5,90
3718,3718,3718,5.0,5,90
3722,3722,3722,5.0,5,90
3723,3723,3723,16.0,5,90
3725,3725,3725,12.0,5,90
3727,3727,3727,23.0,5,90
3728,3728,3728,3.0,5,90
3733,3733,3733,17.0,5,90
3734,3734,3734,29.0,5,90
3736,3736,3736,11.0,5,90
3737,3737,3737,2.0,5,90
3739,3739,3739,22.0,5,90
3740,3740,3740,6.0,5,90
3743,3743,3743,25.0,5,90
3744,3744,3744,61.0,5,90
3746,3746,3746,5.0,5,90
3747,3747,3747,8.0,5,90
3748,3748,3748,22.0,5,90
3755,3755,3755,39.0,5,90
3756,3756,3756,20.0,5,90
3759,3759,3759,38.0,5,90
3760,3760,3760,9.0,5,90
3762,3762,3762,27.0,5,90
3763,3763,3763,6.0,5,90
3764,3764,3764,4.0,5,90
3765,3765,3765,8.0,5,90
3766,3766,3766,49.0,5,90
3773,3773,3773,44.0,5,90
3775,3775,3775,33.0,5,90
3777,3777,3777,1.0,5,90
3779,3779,3779,4.0,5,90
3781,3781,3781,24.0,5,90
3783,3783,3783,18.0,5,90
3788,3788,3788,13.0,5,90
3790,3790,3790,21.0,5,90
3794,3794,3794,53.0,5,90
3796,3796,3796,32.0,5,90
3798,3798,3798,44.0,5,90
3799,3799,3799,13.0,5,90
3800,3800,3800,22.0,5,90
3801,3801,3801,7.0,5,90
3805,3805,3805,33.0,5,90
3806,3806,3806,36.0,5,90
3807,3807,3807,5.0,5,90
3809,3809,3809,4.0,5,90
3810,3810,3810,68.0,5,90
3811,3811,3811,47.0,5,90
3812,3812,3812,60.0,5,90
3815,3815,3815,90.0,5,90
3818,3818,3818,18.0,5,90
3820,3820,3820,10.0,5,90
3821,3821,3821,40.0,5,90
3824,3824,3824,20.0,5,90
3829,3829,3829,5.0,5,90
3831,3831,3831,16.0,5,90
3832,3832,3832,4.0,5,90
3833,3833,3833,18.0,5,90
3835,3835,3835,66.0,5,90
3839,3839,3839,35.0,5,90
3845,3845,3845,39.0,5,90
3846,3846,3846,39.0,5,90
3847,3847,3847,32.0,5,90
3848,3848,3848,15.0,5,90
3849,3849,3849,13.0,5,90
3851,3851,3851,34.0,5,90
3852,3852,3852,36.0,5,90
3853,3853,3853,4.0,5,90
3857,3857,3857,24.0,5,90
3858,3858,3858,53.0,5,90
3862,3862,3862,3.0,5,90
3864,3864,3864,60.0,5,90
3865,3865,3865,6.0,5,90
3866,3866,3866,24.0,5,90
3867,3867,3867,27.0,5,90
3868,3868,3868,6.0,5,90
3869,3869,3869,95.0,5,90
3871,3871,3871,11.0,5,90
3874,3874,3874,31.0,5,90
3876,3876,3876,6.0,5,90
3880,3880,3880,53.0,5,90
3882,3882,3882,1.0,5,90
3885,3885,3885,9.0,5,90
3886,3886,3886,52.0,5,90
3888,3888,3888,37.0,5,90
3889,3889,3889,14.0,5,90
3891,3891,3891,65.0,5,90
3892,3892,3892,4.0,5,90
3895,3895,3895,57.0,5,90
3896,3896,3896,30.0,5,90
3898,3898,3898,8.0,5,90
3901,3901,3901,27.0,5,90
3902,3902,3902,1.0,5,90
3904,3904,3904,18.0,5,90
3905,3905,3905,22.0,5,90
3907,3907,3907,7.0,5,90
3908,3908,3908,16.0,5,90
3910,3910,3910,33.0,5,90
3912,3912,3912,29.0,5,90
3913,3913,3913,52.0,5,90
3914,3914,3914,21.0,5,90
3917,3917,3917,24.0,5,90
3918,3918,3918,17.0,5,90
3919,3919,3919,17.0,5,90
3923,3923,3923,40.0,5,90
3928,3928,3928,6.0,5,90
3929,3929,3929,2.0,5,90
3931,3931,3931,25.0,5,90
3932,3932,3932,16.0,5,90
3934,3934,3934,42.0,5,90
3935,3935,3935,25.0,5,90
3937,3937,3937,14.0,5,90
3938,3938,3938,27.0,5,90
3939,3939,3939,1.0,5,90
3942,3942,3942,39.0,5,90
3944,3944,3944,24.0,5,90
3946,3946,3946,8.0,5,90
3949,3949,3949,26.0,5,90
3954,3954,3954,56.0,5,90
3956,3956,3956,16.0,5,90
3957,3957,3957,32.0,5,90
3961,3961,3961,7.0,5,90
3962,3962,3962,57.0,5,90
3963,3963,3963,37.0,5,90
3964,3964,3964,9.0,5,90
3967,3967,3967,4.0,5,90
3970,3970,3970,7.0,5,90
3974,3974,3974,23.0,5,90
3975,3975,3975,16.0,5,90
3976,3976,3976,27.0,5,90
3978,3978,3978,50.0,5,90
3979,3979,3979,23.0,5,90
3980,3980,3980,48.0,5,90
3982,3982,3982,23.0,5,90
3984,3984,3984,47.0,5,90
3987,3987,3987,7.0,5,90
3996,3996,3996,1.0,5,90
3997,3997,3997,52.0,5,90
3998,3998,3998,37.0,5,90
4003,4003,4003,5.0,5,90
4005,4005,4005,18.0,5,90
4006,4006,4006,25.0,5,90
4007,4007,4007,60.0,5,90
4012,4012,4012,31.0,5,90
4016,4016,4016,20.0,5,90
4018,4018,4018,1.0,5,90
4020,4020,4020,12.0,5,90
4021,4021,4021,3.0,5,90
4022,4022,4022,28.0,5,90
4027,4027,4027,5.0,5,90
4029,4029,4029,13.0,5,90
4030,4030,4030,12.0,5,90
4033,4033,4033,7.0,5,90
4034,4034,4034,53.0,5,90
4035,4035,4035,59.0,5,90
4036,4036,4036,12.0,5,90
4038,4038,4038,34.0,5,90
4040,4040,4040,49.0,5,90
4042,4042,4042,4.0,5,90
4043,4043,4043,14.0,5,90
4046,4046,4046,42.0,5,90
4047,4047,4047,53.0,5,90
4049,4049,4049,18.0,5,90
4055,4055,4055,30.0,5,90
4060,4060,4060,23.0,5,90
4061,4061,4061,17.0,5,90
4063,4063,4063,11.0,5,90
4065,4065,4065,17.0,5,90
4069,4069,4069,10.0,5,90
4070,4070,4070,25.0,5,90
4071,4071,4071,16.0,5,90
4075,4075,4075,3.0,5,90
4077,4077,4077,7.0,5,90
4085,4085,4085,41.0,5,90
4086,4086,4086,13.0,5,90
4087,4087,4087,27.0,5,90
4090,4090,4090,6.0,5,90
4093,4093,4093,35.0,5,90
4096,4096,4096,26.0,5,90
4097,4097,4097,7.0,5,90
4098,4098,4098,20.0,5,90
4099,4099,4099,21.0,5,90
4100,4100,4100,12.0,5,90
4102,4102,4102,10.0,5,90
4103,4103,4103,3.0,5,90
4104,4104,4104,42.0,5,90
4105,4105,4105,13.0,5,90
4106,4106,4106,26.0,5,90
4108,4108,4108,6.0,5,90
4109,4109,4109,19.0,5,90
4111,4111,4111,39.0,5,90
4112,4112,4112,46.0,5,90
4113,4113,4113,9.0,5,90
4115,4115,4115,9.0,5,90
4118,4118,4118,20.0,5,90
4119,4119,4119,33.0,5,90
4120,4120,4120,38.0,5,90
4121,4121,4121,15.0,5,90
4123,4123,4123,13.0,5,90
4125,4125,4125,57.0,5,90
4126,4126,4126,25.0,5,90
4130,4130,4130,34.0,5,90
4132,4132,4132,10.0,5,90
4134,4134,4134,23.0,5,90
4136,4136,4136,35.0,5,90
4138,4138,4138,5.0,5,90
4140,4140,4140,12.0,5,90
4142,4142,4142,50.0,5,90
4145,4145,4145,29.0,5,90
4147,4147,4147,30.0,5,90
4148,4148,4148,22.0,5,90
4149,4149,4149,10.0,5,90
4151,4151,4151,19.0,5,90
4152,4152,4152,6.0,5,90
4153,4153,4153,63.0,5,90
4154,4154,4154,27.0,5,90
4155,4155,4155,22.0,5,90
4156,4156,4156,4.0,5,90
4158,4158,4158,8.0,5,90
4160,4160,4160,21.0,5,90
4161,4161,4161,23.0,5,90
4166,4166,4166,29.0,5,90
4168,4168,4168,14.0,5,90
4171,4171,4171,33.0,5,90
4173,4173,4173,8.0,5,90
4174,4174,4174,40.0,5,90
4176,4176,4176,12.0,5,90
4180,4180,4180,39.0,5,90
4181,4181,4181,19.0,5,90
4183,4183,4183,8.0,5,90
4190,4190,4190,15.0,5,90
4192,4192,4192,36.0,5,90
4193,4193,4193,15.0,5,90
4196,4196,4196,9.0,5,90
4203,4203,4203,16.0,5,90
4206,4206,4206,24.0,5,90
4210,4210,4210,65.0,5,90
4211,4211,4211,56.0,5,90
4213,4213,4213,5.0,5,90
4214,4214,4214,2.0,5,90
4216,4216,4216,20.0,5,90
4217,4217,4217,9.0,5,90
4222,4222,4222,9.0,5,90
4223,4223,4223,37.0,5,90
4224,4224,4224,47.0,5,90
4226,4226,4226,2.0,5,90
4227,4227,4227,5.0,5,90
4230,4230,4230,23.0,5,90
4231,4231,4231,25.0,5,90
4232,4232,4232,62.0,5,90
4233,4233,4233,22.0,5,90
4237,4237,4237,2.0,5,90
4238,4238,4238,8.0,5,90
4243,4243,4243,18.0,5,90
4246,4246,4246,74.0,5,90
4249,4249,4249,52.0,5,90
4251,4251,4251,31.0,5,90
4252,4252,4252,17.0,5,90
4254,4254,4254,14.0,5,90
4256,4256,4256,80.0,5,90
4258,4258,4258,15.0,5,90
4260,4260,4260,48.0,5,90
4262,4262,4262,11.0,5,90
4263,4263,4263,15.0,5,90
4264,4264,4264,16.0,5,90
4265,4265,4265,6.0,5,90
4266,4266,4266,1.0,5,90
4268,4268,4268,24.0,5,90
4270,4270,4270,9.0,5,90
4275,4275,4275,23.0,5,90
4276,4276,4276,26.0,5,90
4278,4278,4278,11.0,5,90
4282,4282,4282,33.0,5,90
4283,4283,4283,37.0,5,90
4284,4284,4284,24.0,5,90
4286,4286,4286,39.0,5,90
4287,4287,4287,79.0,5,90
4289,4289,4289,20.0,5,90
4292,4292,4292,46.0,5,90
4293,4293,4293,3.0,5,90
4294,4294,4294,5.0,5,90
4297,4297,4297,48.0,5,90
4298,4298,4298,22.0,5,90
4299,4299,4299,8.0,5,90
4301,4301,4301,11.0,5,90
4305,4305,4305,11.0,5,90
4307,4307,4307,12.0,5,90
4309,4309,4309,31.0,5,90
4310,4310,4310,30.0,5,90
4313,4313,4313,2.0,5,90
4316,4316,4316,2.0,5,90
4318,4318,4318,13.0,5,90
4320,4320,4320,35.0,5,90
4323,4323,4323,2.0,5,90
4324,4324,4324,25.0,5,90
4326,4326,4326,17.0,5,90
4329,4329,4329,46.0,5,90
4332,4332,4332,15.0,5,90
4334,4334,4334,10.0,5,90
4336,4336,4336,24.0,5,90
4337,4337,4337,48.0,5,90
4338,4338,4338,42.0,5,90
4339,4339,4339,14.0,5,90
4342,4342,4342,11.0,5,90
4343,4343,4343,20.0,5,90
4346,4346,4346,6.0,5,90
4347,4347,4347,43.0,5,90
4348,4348,4348,42.0,5,90
4349,4349,4349,15.0,5,90
4351,4351,4351,17.0,5,90
4353,4353,4353,38.0,5,90
4356,4356,4356,3.0,5,90
4358,4358,4358,26.0,5,90
4360,4360,4360,19.0,5,90
4362,4362,4362,9.0,5,90
4363,4363,4363,44.0,5,90
4365,4365,4365,40.0,5,90
4366,4366,4366,6.0,5,90
4367,4367,4367,13.0,5,90
4368,4368,4368,36.0,5,90
4370,4370,4370,41.0,5,90
4377,4377,4377,11.0,5,90
4381,4381,4381,15.0,5,90
4383,4383,4383,25.0,5,90
4385,4385,4385,22.0,5,90
4390,4390,4390,13.0,5,90
4393,4393,4393,13.0,5,90
4394,4394,4394,16.0,5,90
4395,4395,4395,6.0,5,90
4398,4398,4398,16.0,5,90
4399,4399,4399,40.0,5,90
4404,4404,4404,26.0,5,90
4407,4407,4407,31.0,5,90
4408,4408,4408,11.0,5,90
4409,4409,4409,53.0,5,90
4410,4410,4410,56.0,5,90
4411,4411,4411,23.0,5,90
4414,4414,4414,8.0,5,90
4415,4415,4415,63.0,5,90
4419,4419,4419,21.0,5,90
4420,4420,4420,32.0,5,90
4421,4421,4421,18.0,5,90
4423,4423,4423,29.0,5,90
4424,4424,4424,22.0,5,90
4426,4426,4426,3.0,5,90
4427,4427,4427,49.0,5,90
4428,4428,4428,17.0,5,90
4429,4429,4429,21.0,5,90
4430,4430,4430,20.0,5,90
4431,4431,4431,48.0,5,90
4433,4433,4433,33.0,5,90
4434,4434,4434,10.0,5,90
4435,4435,4435,44.0,5,90
4437,4437,4437,26.0,5,90
4443,4443,4443,6.0,5,90
4445,4445,4445,34.0,5,90
4446,4446,4446,71.0,5,90
4447,4447,4447,2.0,5,90
4448,4448,4448,12.0,5,90
4449,4449,4449,26.0,5,90
4456,4456,4456,8.0,5,90
4457,4457,4457,9.0,5,90
4459,4459,4459,17.0,5,90
4460,4460,4460,16.0,5,90
4462,4462,4462,22.0,5,90
4464,4464,4464,1.0,5,90
4465,4465,4465,19.0,5,90
4466,4466,4466,24.0,5,90
4467,4467,4467,13.0,5,90
4468,4468,4468,30.0,5,90
4469,4469,4469,10.0,5,90
4471,4471,4471,32.0,5,90
4472,4472,4472,27.0,5,90
4474,4474,4474,3.0,5,90
4475,4475,4475,93.0,5,90
4477,4477,4477,37.0,5,90
4479,4479,4479,38.0,5,90
4480,4480,4480,16.0,5,90
4481,4481,4481,5.0,5,90
4482,4482,4482,11.0,5,90
4485,4485,4485,27.0,5,90
4486,4486,4486,1.0,5,90
4487,4487,4487,3.0,5,90
4489,4489,4489,8.0,5,90
4495,4495,4495,48.0,5,90
4497,4497,4497,51.0,5,90
4499,4499,4499,3.0,5,90
4504,4504,4504,1.0,5,90
4506,4506,4506,28.0,5,90
4510,4510,4510,22.0,5,90
4511,4511,4511,23.0,5,90
4513,4513,4513,33.0,5,90
4514,4514,4514,18.0,5,90
4515,4515,4515,17.0,5,90
4518,4518,4518,36.0,5,90
4519,4519,4519,49.0,5,90
4520,4520,4520,1.0,5,90
4533,4533,4533,2.0,5,90
4534,4534,4534,16.0,5,90
4535,4535,4535,58.0,5,90
4536,4536,4536,59.0,5,90
4542,4542,4542,5.0,5,90
4544,4544,4544,11.0,5,90
4549,4549,4549,36.0,5,90
4550,4550,4550,26.0,5,90
4552,4552,4552,16.0,5,90
4553,4553,4553,13.0,5,90
4555,4555,4555,21.0,5,90
4556,4556,4556,33.0,5,90
4558,4558,4558,30.0,5,90
4559,4559,4559,29.0,5,90
4560,4560,4560,60.0,5,90
4561,4561,4561,9.0,5,90
4562,4562,4562,26.0,5,90
4564,4564,4564,3.0,5,90
4565,4565,4565,11.0,5,90
4566,4566,4566,22.0,5,90
4568,4568,4568,45.0,5,90
4570,4570,4570,53.0,5,90
4571,4571,4571,5.0,5,90
4576,4576,4576,1.0,5,90
4577,4577,4577,15.0,5,90
4578,4578,4578,51.0,5,90
4581,4581,4581,2.0,5,90
4582,4582,4582,38.0,5,90
4583,4583,4583,15.0,5,90
4584,4584,4584,3.0,5,90
4585,4585,4585,16.0,5,90
4591,4591,4591,32.0,5,90
4596,4596,4596,8.0,5,90
4603,4603,4603,37.0,5,90
4604,4604,4604,27.0,5,90
4607,4607,4607,18.0,5,90
4609,4609,4609,44.0,5,90
4611,4611,4611,53.0,5,90
4613,4613,4613,21.0,5,90
4616,4616,4616,5.0,5,90
4617,4617,4617,13.0,5,90
4619,4619,4619,45.0,5,90
4621,4621,4621,9.0,5,90
4622,4622,4622,9.0,5,90
4624,4624,4624,2.0,5,90
4626,4626,4626,3.0,5,90
4627,4627,4627,51.0,5,90
4629,4629,4629,2.0,5,90
4630,4630,4630,28.0,5,90
4631,4631,4631,26.0,5,90
4633,4633,4633,26.0,5,90
4636,4636,4636,9.0,5,90
4639,4639,4639,31.0,5,90
4640,4640,4640,51.0,5,90
4641,4641,4641,38.0,5,90
4642,4642,4642,4.0,5,90
4643,4643,4643,30.0,5,90
4644,4644,4644,15.0,5,90
4650,4650,4650,7.0,5,90
4651,4651,4651,60.0,5,90
4652,4652,4652,19.0,5,90
4653,4653,4653,28.0,5,90
4654,4654,4654,2.0,5,90
4655,4655,4655,35.0,5,90
4661,4661,4661,19.0,5,90
4662,4662,4662,25.0,5,90
4663,4663,4663,17.0,5,90
4664,4664,4664,7.0,5,90
4665,4665,4665,20.0,5,90
4666,4666,4666,5.0,5,90
4672,4672,4672,3.0,5,90
4673,4673,4673,49.0,5,90
4674,4674,4674,33.0,5,90
4675,4675,4675,5.0,5,90
4676,4676,4676,33.0,5,90
4677,4677,4677,8.0,5,90
4682,4682,4682,65.0,5,90
4684,4684,4684,48.0,5,90
4685,4685,4685,19.0,5,90
4686,4686,4686,38.0,5,90
4687,4687,4687,3.0,5,90
4688,4688,4688,60.0,5,90
4690,4690,4690,47.0,5,90
4694,4694,4694,11.0,5,90
4698,4698,4698,6.0,5,90
4704,4704,4704,31.0,5,90
4705,4705,4705,35.0,5,90
4706,4706,4706,1.0,5,90
4711,4711,4711,13.0,5,90
4712,4712,4712,48.0,5,90
4715,4715,4715,11.0,5,90
4716,4716,4716,10.0,5,90
4723,4723,4723,14.0,5,90
4724,4724,4724,11.0,5,90
4725,4725,4725,63.0,5,90
4727,4727,4727,29.0,5,90
4729,4729,4729,30.0,5,90
4735,4735,4735,20.0,5,90
4736,4736,4736,49.0,5,90
4737,4737,4737,18.0,5,90
4738,4738,4738,29.0,5,90
4739,4739,4739,70.0,5,90
4740,4740,4740,22.0,5,90
4742,4742,4742,10.0,5,90
4744,4744,4744,59.0,5,90
4745,4745,4745,41.0,5,90
4746,4746,4746,26.0,5,90
4753,4753,4753,20.0,5,90
4756,4756,4756,31.0,5,90
4757,4757,4757,33.0,5,90
4758,4758,4758,18.0,5,90
4759,4759,4759,26.0,5,90
4762,4762,4762,37.0,5,90
4763,4763,4763,57.0,5,90
4765,4765,4765,22.0,5,90
4766,4766,4766,37.0,5,90
4768,4768,4768,1.0,5,90
4771,4771,4771,18.0,5,90
4775,4775,4775,18.0,5,90
4776,4776,4776,23.0,5,90
4777,4777,4777,13.0,5,90
4778,4778,4778,25.0,5,90
4779,4779,4779,39.0,5,90
4782,4782,4782,34.0,5,90
4784,4784,4784,2.0,5,90
4788,4788,4788,18.0,5,90
4789,4789,4789,17.0,5,90
4790,4790,4790,8.0,5,90
4791,4791,4791,7.0,5,90
4794,4794,4794,44.0,5,90
4795,4795,4795,23.0,5,90
4796,4796,4796,8.0,5,90
4798,4798,4798,21.0,5,90
4799,4799,4799,65.0,5,90
4802,4802,4802,39.0,5,90
4805,4805,4805,9.0,5,90
4806,4806,4806,7.0,5,90
4810,4810,4810,9.0,5,90
4813,4813,4813,12.0,5,90
4815,4815,4815,59.0,5,90
4816,4816,4816,3.0,5,90
4817,4817,4817,21.0,5,90
4819,4819,4819,1.0,5,90
4820,4820,4820,7.0,5,90
4823,4823,4823,2.0,5,90
4827,4827,4827,41.0,5,90
4829,4829,4829,2.0,5,90
4830,4830,4830,50.0,5,90
4833,4833,4833,61.0,5,90
4834,4834,4834,8.0,5,90
4837,4837,4837,17.0,5,90
4838,4838,4838,6.0,5,90
4839,4839,4839,17.0,5,90
4840,4840,4840,27.0,5,90
4843,4843,4843,6.0,5,90
4844,4844,4844,36.0,5,90
4845,4845,4845,41.0,5,90
4851,4851,4851,45.0,5,90
4852,4852,4852,22.0,5,90
4859,4859,4859,25.0,5,90
4860,4860,4860,34.0,5,90
4861,4861,4861,44.0,5,90
4862,4862,4862,19.0,5,90
4863,4863,4863,5.0,5,90
4864,4864,4864,50.0,5,90
4868,4868,4868,7.0,5,90
4869,4869,4869,24.0,5,90
4871,4871,4871,16.0,5,90
4874,4874,4874,51.0,5,90
4875,4875,4875,6.0,5,90
4877,4877,4877,14.0,5,90
4879,4879,4879,41.0,5,90
4880,4880,4880,47.0,5,90
4882,4882,4882,9.0,5,90
4883,4883,4883,11.0,5,90
4884,4884,4884,32.0,5,90
4887,4887,4887,4.0,5,90
4888,4888,4888,28.0,5,90
4890,4890,4890,37.0,5,90
4891,4891,4891,7.0,5,90
4894,4894,4894,24.0,5,90
4895,4895,4895,11.0,5,90
4897,4897,4897,11.0,5,90
4899,4899,4899,7.0,5,90
4902,4902,4902,12.0,5,90
4903,4903,4903,4.0,5,90
4904,4904,4904,12.0,5,90
4906,4906,4906,1.0,5,90
4908,4908,4908,11.0,5,90
4909,4909,4909,10.0,5,90
4910,4910,4910,30.0,5,90
4911,4911,4911,56.0,5,90
4922,4922,4922,41.0,5,90
4924,4924,4924,2.0,5,90
4925,4925,4925,7.0,5,90
4926,4926,4926,17.0,5,90
4927,4927,4927,65.0,5,90
4930,4930,4930,12.0,5,90
4931,4931,4931,68.0,5,90
4932,4932,4932,31.0,5,90
4933,4933,4933,13.0,5,90
4935,4935,4935,29.0,5,90
4936,4936,4936,67.0,5,90
4937,4937,4937,1.0,5,90
4938,4938,4938,2.0,5,90
4941,4941,4941,35.0,5,90
4942,4942,4942,20.0,5,90
4943,4943,4943,7.0,5,90
4945,4945,4945,29.0,5,90
4946,4946,4946,9.0,5,90
4947,4947,4947,92.0,5,90
4948,4948,4948,35.0,5,90
4949,4949,4949,35.0,5,90
4953,4953,4953,21.0,5,90
4954,4954,4954,22.0,5,90
4955,4955,4955,4.0,5,90
4957,4957,4957,4.0,5,90
4958,4958,4958,4.0,5,90
4960,4960,4960,6.0,5,90
4966,4966,4966,36.0,5,90
4967,4967,4967,56.0,5,90
4968,4968,4968,13.0,5,90
4969,4969,4969,13.0,5,90
4970,4970,4970,3.0,5,90
4975,4975,4975,20.0,5,90
4976,4976,4976,25.0,5,90
4979,4979,4979,71.0,5,90
4980,4980,4980,2.0,5,90
4982,4982,4982,25.0,5,90
4984,4984,4984,8.0,5,90
4986,4986,4986,6.0,5,90
4989,4989,4989,30.0,5,90
4990,4990,4990,89.0,5,90
4991,4991,4991,34.0,5,90
4992,4992,4992,14.0,5,90
